generation_group,n_tabs,n_artists,birth_year,release_year,artist_age_at_release,complexity,repetition,energy,playability,harmonic_palette,structure_variation,share_billboard_year_end,release_upload_gap,generation_name
Greatest/Silent,2104,62,1920.881178707224,1987.509980988593,66.628799,.1601377501224532,.8999987255035987,.6620532110674691,.8398622498775465,.5176256142019297,.6932424578644267,.0527566539923954,31.342205,Greatest/Silent
Silent,7630,154,1936.14875491481,1989.380602883355,53.23185,.137783761908321,.8913491462700898,.676836787456057,.8622162380916856,.577881926236691,.550639456971392,.0131061598951507,28.508125,Silent
Boomer,5926,161,1955.486331420857,1999.553661829227,44.067329,.1000376331702218,.9069736084393487,.6850393261341711,.8999623668297869,.594857946554161,.5687998124706988,.030374620317246,17.320621,Boomer
Gen X,4614,164,1972.408105765063,2009.767663632423,37.359558,.0765311410691358,.9170378372766256,.6903198830123334,.9234688589308688,.5804544141020144,.6318571497375129,.0645860424794105,6.7316861,Gen X
Millennial,4710,201,1988.451380042463,2016.089808917197,27.63843,.082001284064732,.9284620627288664,.6899725496055151,.9179987159352749,.5411288039632079,.7988794527011047,.0760084925690021,3.1906581,Millennial
Gen Z+,1379,73,2002.78825235678,2015.485134155185,12.696882,.0819725191445682,.9247389904067452,.6948835987322997,.9180274808554337,.5707789066279613,.6972060957910012,.0725163161711385,1.9637419,Gen Z+
